{"test": [0.23, 0.3482, 0.4322, 0.4751, 0.5605, 0.6866, 0.5764, 0.6575, 0.754, 0.6667, 0.6895, 0.69, 0.729, 0.6124, 0.7537, 0.7959, 0.7299, 0.7576, 0.8308, 0.8059, 0.78, 0.7964, 0.7741, 0.8022, 0.8133, 0.8276, 0.8439, 0.6984, 0.7943, 0.7321, 0.7899, 0.8444, 0.8059, 0.8197, 0.8327, 0.819, 0.794, 0.7554, 0.8154, 0.8107, 0.801, 0.8381, 0.7945, 0.8245, 0.836, 0.777, 0.8667, 0.8193, 0.8274, 0.7969, 0.8105, 0.782, 0.841, 0.8079, 0.7969, 0.8163, 0.8305, 0.7815, 0.8687, 0.8224, 0.865, 0.849, 0.8269, 0.7917, 0.8421, 0.8019, 0.8341, 0.8563, 0.8416, 0.8491, 0.7619, 0.785, 0.808, 0.7616, 0.7998, 0.8531, 0.8261, 0.853, 0.8375, 0.8263, 0.8424, 0.7999, 0.8291, 0.8253, 0.8428, 0.7802, 0.8274, 0.8216, 0.7563, 0.7564, 0.8068, 0.8299, 0.8376, 0.8143, 0.8454, 0.7792, 0.762, 0.8299, 0.8175, 0.7772, 0.7979, 0.7881, 0.8555, 0.7918, 0.8241, 0.8551, 0.817, 0.8015, 0.7865, 0.8321, 0.8173, 0.8269, 0.8202, 0.814, 0.7489, 0.842, 0.805, 0.8518, 0.8503, 0.8291, 0.7842, 0.7922, 0.8585, 0.8643, 0.8637, 0.7665, 0.8657, 0.8383, 0.7953, 0.8326, 0.7867, 0.8189, 0.8249, 0.7964, 0.8663, 0.8165, 0.737, 0.8366, 0.8207, 0.777, 0.7956, 0.8329, 0.8001], "train": [0.1522, 0.30138, 0.39838, 0.52644, 0.63514, 0.69706, 0.74064, 0.76468, 0.78604, 0.8029, 0.80846, 0.8186, 0.82492, 0.83324, 0.83674, 0.84146, 0.84564, 0.84932, 0.85572, 0.85492, 0.85924, 0.86388, 0.8654, 0.86754, 0.86652, 0.87022, 0.87098, 0.8698, 0.87324, 0.87682, 0.87788, 0.87576, 0.87664, 0.87738, 0.87886, 0.87972, 0.87872, 0.88106, 0.8816, 0.882, 0.88266, 0.88322, 0.88628, 0.88572, 0.88848, 0.88396, 0.88616, 0.88736, 0.88564, 0.88722, 0.88964, 0.888, 0.88906, 0.88878, 0.88886, 0.88996, 0.88796, 0.88962, 0.88892, 0.8919, 0.89226, 0.89068, 0.89014, 0.88856, 0.89438, 0.88894, 0.89174, 0.89242, 0.88978, 0.89018, 0.89206, 0.89136, 0.89392, 0.89168, 0.89138, 0.89344, 0.8935, 0.89228, 0.89576, 0.8929, 0.88964, 0.89868, 0.8939, 0.894, 0.89146, 0.89464, 0.89506, 0.89452, 0.8928, 0.89838, 0.89716, 0.89478, 0.89516, 0.89466, 0.89656, 0.89674, 0.89646, 0.89474, 0.89442, 0.89506, 0.89582, 0.89894, 0.8961, 0.89456, 0.89724, 0.89818, 0.89576, 0.89592, 0.8985, 0.8951, 0.89582, 0.89748, 0.89924, 0.89604, 0.89732, 0.89806, 0.89678, 0.89716, 0.89642, 0.89658, 0.89652, 0.89618, 0.89592, 0.89878, 0.8986, 0.89768, 0.89638, 0.89216, 0.90106, 0.89772, 0.8984, 0.89666, 0.8968, 0.89722, 0.89766, 0.8972, 0.8994, 0.89768, 0.89924, 0.89976, 0.89658, 0.89948, 0.89726]}