{"test": [0.29, 0.3949, 0.4898, 0.5998, 0.6399, 0.6811, 0.6107, 0.686, 0.7686, 0.7467, 0.7685, 0.8119, 0.6332, 0.7501, 0.7477, 0.7621, 0.7971, 0.7725, 0.8199, 0.8292, 0.8115, 0.8107, 0.7989, 0.7969, 0.7906, 0.8062, 0.7968, 0.744, 0.85, 0.7823, 0.7805, 0.839, 0.7948, 0.8119, 0.7532, 0.8043, 0.8229, 0.7935, 0.7705, 0.7933, 0.8219, 0.8317, 0.797, 0.8178, 0.7698, 0.8201, 0.8182, 0.8285, 0.8298, 0.8122, 0.7759, 0.8199, 0.7507, 0.816, 0.7609, 0.8226, 0.7989, 0.8694, 0.8254, 0.8566, 0.7718, 0.8161, 0.7894, 0.8218], "train": [0.17482, 0.338, 0.45502, 0.59768, 0.69334, 0.74762, 0.78038, 0.80186, 0.8168, 0.82906, 0.83572, 0.8479, 0.85202, 0.863, 0.86768, 0.8705, 0.87468, 0.87636, 0.88214, 0.88344, 0.88516, 0.8877, 0.89028, 0.89058, 0.89312, 0.89692, 0.89512, 0.89572, 0.89628, 0.90032, 0.9019, 0.89802, 0.90132, 0.90084, 0.90106, 0.90302, 0.90442, 0.90452, 0.90668, 0.9054, 0.90894, 0.90764, 0.90746, 0.91062, 0.90726, 0.91006, 0.91156, 0.90854, 0.90974, 0.91082, 0.91096, 0.91258, 0.91572, 0.91158, 0.9125, 0.91, 0.91266, 0.9134, 0.91678, 0.9121, 0.9109, 0.91464, 0.9136, 0.9147]}