{"test": [0.29, 0.3949, 0.4898, 0.5998, 0.6399, 0.6811, 0.6107, 0.686, 0.7686, 0.7467, 0.7685, 0.8119, 0.6332, 0.7501, 0.7477, 0.7621, 0.7971, 0.7725, 0.8199, 0.8292, 0.8115, 0.8107, 0.7989, 0.7969, 0.7906, 0.8062, 0.7968, 0.744, 0.85, 0.7823, 0.7805, 0.839, 0.7948, 0.8119, 0.7532, 0.8043, 0.8229, 0.7935, 0.7705, 0.7933, 0.8219, 0.8317, 0.797, 0.8178, 0.7698, 0.8201, 0.8182, 0.8285, 0.8298, 0.8122, 0.7759, 0.8199, 0.7507, 0.816, 0.7609, 0.8226, 0.7989, 0.8694, 0.8254, 0.8566, 0.7718, 0.8161, 0.7894, 0.8218, 0.7777, 0.7755, 0.8079, 0.8471, 0.7478, 0.7701, 0.8444, 0.7358, 0.7912, 0.7697, 0.8299, 0.8504, 0.8494, 0.8571, 0.8008, 0.8287, 0.7839, 0.8675, 0.8247, 0.8202, 0.7637, 0.8336, 0.8157, 0.8195, 0.7793, 0.7724, 0.7988, 0.8148, 0.8507, 0.8393, 0.753, 0.8005, 0.8059, 0.8472, 0.8437, 0.8195, 0.8153, 0.8205, 0.8157, 0.7326, 0.819, 0.8161, 0.814, 0.8219, 0.8255, 0.8094, 0.7899, 0.8474, 0.8115, 0.8194, 0.7974, 0.8228, 0.722, 0.7936, 0.84, 0.84, 0.8028, 0.7805, 0.8227, 0.8673, 0.8237, 0.7964, 0.8174, 0.853, 0.8513, 0.8049, 0.7811, 0.8465, 0.8509, 0.8351, 0.815, 0.7897, 0.8434, 0.8343, 0.8285, 0.8068, 0.7864, 0.8142, 0.816, 0.8205, 0.8308, 0.8581, 0.8324, 0.8065, 0.8343, 0.7938, 0.8172], "train": [0.17482, 0.338, 0.45502, 0.59768, 0.69334, 0.74762, 0.78038, 0.80186, 0.8168, 0.82906, 0.83572, 0.8479, 0.85202, 0.863, 0.86768, 0.8705, 0.87468, 0.87636, 0.88214, 0.88344, 0.88516, 0.8877, 0.89028, 0.89058, 0.89312, 0.89692, 0.89512, 0.89572, 0.89628, 0.90032, 0.9019, 0.89802, 0.90132, 0.90084, 0.90106, 0.90302, 0.90442, 0.90452, 0.90668, 0.9054, 0.90894, 0.90764, 0.90746, 0.91062, 0.90726, 0.91006, 0.91156, 0.90854, 0.90974, 0.91082, 0.91096, 0.91258, 0.91572, 0.91158, 0.9125, 0.91, 0.91266, 0.9134, 0.91678, 0.9121, 0.9109, 0.91464, 0.9136, 0.9147, 0.91644, 0.91716, 0.9133, 0.9132, 0.91572, 0.91798, 0.91436, 0.91586, 0.91522, 0.9167, 0.91254, 0.91782, 0.91818, 0.91546, 0.91602, 0.91652, 0.91826, 0.9178, 0.91866, 0.91544, 0.91782, 0.91514, 0.9186, 0.91734, 0.91782, 0.9189, 0.91694, 0.91654, 0.91674, 0.91832, 0.91684, 0.92028, 0.9204, 0.91594, 0.92032, 0.91822, 0.91652, 0.91922, 0.92074, 0.91786, 0.91748, 0.91668, 0.9197, 0.92112, 0.91906, 0.91904, 0.92068, 0.92146, 0.91968, 0.91962, 0.92158, 0.92158, 0.91952, 0.92046, 0.91888, 0.91944, 0.92152, 0.92208, 0.91908, 0.91872, 0.92042, 0.9212, 0.9202, 0.92116, 0.92112, 0.92096, 0.9201, 0.91868, 0.92154, 0.91902, 0.91894, 0.92286, 0.92086, 0.92194, 0.92142, 0.92154, 0.9183, 0.92136, 0.92026, 0.921, 0.9215, 0.9214, 0.92138, 0.92176, 0.92056, 0.92014, 0.9209]}