{"train": [0.20048, 0.3775, 0.55004, 0.64574, 0.70566, 0.74366, 0.77504, 0.79718, 0.80496, 0.81764, 0.82532, 0.83454, 0.83982, 0.84344, 0.85066, 0.857, 0.85766, 0.8592, 0.863, 0.86752, 0.86692, 0.87214, 0.87366, 0.87392, 0.8736, 0.87706, 0.88004, 0.87896, 0.88026, 0.88024, 0.882, 0.8842, 0.88386, 0.88544, 0.88636, 0.88744, 0.88838, 0.88884, 0.88618, 0.88844, 0.89058, 0.89034, 0.88944, 0.89288, 0.89422, 0.89446, 0.8962, 0.89152, 0.89278, 0.89372, 0.8967, 0.89294, 0.8974, 0.89364, 0.89368, 0.89828, 0.89736, 0.89794, 0.89758, 0.89498, 0.89818, 0.89704, 0.89924, 0.89872, 0.89904, 0.8989, 0.89952, 0.8982, 0.89828, 0.89884, 0.89884, 0.8996, 0.89726, 0.89892, 0.89844, 0.89938, 0.90044, 0.90298, 0.89716, 0.90068, 0.90006, 0.90298, 0.90258, 0.9017, 0.90118, 0.90072, 0.90182, 0.90134, 0.90236, 0.90276, 0.9021, 0.90306, 0.90374, 0.90286, 0.90432, 0.9017, 0.9048, 0.90346, 0.90054, 0.90394, 0.90342, 0.9026, 0.90362, 0.9028, 0.90444, 0.9027, 0.90158, 0.90384, 0.90394, 0.90474, 0.90442, 0.90422, 0.90356, 0.90578, 0.90586, 0.90434, 0.90334, 0.90516, 0.90566, 0.90272, 0.90678, 0.90364, 0.9038, 0.90382, 0.9036, 0.90336, 0.9057, 0.90566, 0.9053, 0.90456, 0.90628, 0.90396, 0.90424, 0.9062, 0.90536, 0.90444, 0.9052, 0.9027, 0.90746, 0.9064, 0.90498, 0.90616, 0.90514, 0.90612, 0.90646, 0.90588, 0.90712, 0.9055, 0.90604, 0.90444, 0.90514, 0.90552, 0.90644, 0.90592, 0.90596, 0.9057, 0.90712, 0.90456, 0.90604], "test": [0.2963, 0.4221, 0.5653, 0.5989, 0.6483, 0.6938, 0.6961, 0.7355, 0.7099, 0.7159, 0.6796, 0.7409, 0.7379, 0.7629, 0.7768, 0.7968, 0.6322, 0.7705, 0.7607, 0.8105, 0.7812, 0.7952, 0.7689, 0.7693, 0.7663, 0.7632, 0.811, 0.8244, 0.819, 0.8266, 0.8114, 0.8257, 0.7617, 0.8199, 0.821, 0.7128, 0.8232, 0.7856, 0.7891, 0.8055, 0.7579, 0.7839, 0.8105, 0.7596, 0.8117, 0.8248, 0.7817, 0.8015, 0.8273, 0.7988, 0.8306, 0.8162, 0.83, 0.8091, 0.8225, 0.8122, 0.7604, 0.7857, 0.8242, 0.8014, 0.8199, 0.7941, 0.8173, 0.8416, 0.8315, 0.8123, 0.8255, 0.7789, 0.7683, 0.8408, 0.7901, 0.7738, 0.8199, 0.8235, 0.8242, 0.821, 0.7339, 0.8115, 0.8211, 0.8184, 0.8128, 0.8232, 0.8052, 0.7957, 0.784, 0.7945, 0.826, 0.8101, 0.7639, 0.7886, 0.8236, 0.8416, 0.7913, 0.8276, 0.8105, 0.8111, 0.8452, 0.8489, 0.8536, 0.8271, 0.8376, 0.7927, 0.7895, 0.8417, 0.8055, 0.843, 0.833, 0.8405, 0.8413, 0.8509, 0.7501, 0.828, 0.7964, 0.8277, 0.819, 0.8294, 0.8229, 0.8162, 0.8338, 0.8288, 0.8083, 0.8102, 0.8413, 0.8102, 0.8301, 0.84, 0.822, 0.8374, 0.832, 0.7463, 0.8037, 0.8081, 0.8174, 0.796, 0.834, 0.8441, 0.8273, 0.8314, 0.8326, 0.8149, 0.7836, 0.7755, 0.8224, 0.8333, 0.8518, 0.8392, 0.8163, 0.7996, 0.7868, 0.8344, 0.7579, 0.8127, 0.8508, 0.7975, 0.7832, 0.807, 0.8006, 0.8161, 0.8019]}