{"test": [0.3012, 0.3498, 0.4908, 0.5986, 0.6253, 0.6192, 0.6999, 0.6644, 0.7151, 0.7468, 0.7396, 0.811, 0.7884, 0.6846, 0.7617, 0.8164, 0.7411, 0.8158, 0.7293, 0.8206, 0.7607, 0.7845, 0.7897, 0.8072, 0.8243, 0.8032, 0.8191, 0.822, 0.7516, 0.8311, 0.8186, 0.7398, 0.7374, 0.8028, 0.8248, 0.7544, 0.8466, 0.8395, 0.7984, 0.7906, 0.7999, 0.8311, 0.8017, 0.842, 0.8358, 0.7471, 0.8035, 0.8029, 0.8035, 0.8412, 0.7868, 0.8322, 0.7933, 0.8151, 0.8314, 0.8269, 0.851, 0.8049, 0.8312, 0.7906, 0.7894, 0.8351, 0.8371, 0.816, 0.8322, 0.8124, 0.8233, 0.8298, 0.772, 0.8677, 0.8063, 0.8161, 0.7891, 0.8376, 0.8345, 0.8073, 0.8124, 0.7949, 0.8024, 0.7928, 0.8514, 0.8418, 0.8194, 0.8594, 0.7794, 0.831, 0.8065, 0.8386, 0.8273, 0.8491, 0.8236, 0.8138, 0.8228, 0.8447, 0.8491, 0.8263, 0.8446, 0.8432, 0.8221, 0.8328, 0.846, 0.8425, 0.8205, 0.8376, 0.8534, 0.8459, 0.7836, 0.7108, 0.8428, 0.818, 0.8086, 0.8324, 0.8562, 0.7951, 0.7881, 0.8355, 0.8436, 0.7801, 0.7936, 0.8319, 0.8038, 0.8367, 0.7875, 0.7205, 0.7928, 0.8056, 0.8322, 0.8377, 0.8359, 0.852, 0.8836, 0.7664, 0.8489, 0.8211, 0.8617, 0.8317, 0.8033, 0.8717, 0.8025, 0.8386, 0.8381, 0.8548, 0.8335, 0.8405, 0.85, 0.8245, 0.8439, 0.7938, 0.8373, 0.8451, 0.8394, 0.8398, 0.8387, 0.8498, 0.8015, 0.7755, 0.8587, 0.8444, 0.844, 0.857, 0.8178, 0.8228, 0.8335, 0.7167, 0.8468, 0.8603, 0.8487, 0.825, 0.8329, 0.8074, 0.8164, 0.8212, 0.8162, 0.8434, 0.836, 0.8278, 0.8268, 0.8285, 0.8339, 0.7211, 0.8413, 0.8364, 0.8067], "train": [0.21934, 0.36628, 0.5046, 0.61906, 0.6884, 0.73804, 0.77742, 0.79706, 0.81104, 0.82398, 0.83082, 0.84032, 0.84684, 0.85324, 0.8569, 0.86198, 0.86728, 0.86742, 0.87264, 0.87686, 0.87712, 0.8794, 0.88292, 0.88232, 0.88444, 0.89028, 0.88756, 0.89072, 0.89336, 0.8937, 0.89394, 0.8945, 0.89656, 0.8951, 0.89548, 0.8993, 0.90002, 0.90082, 0.90172, 0.89872, 0.90282, 0.90274, 0.90566, 0.90488, 0.9065, 0.90444, 0.90634, 0.9107, 0.90742, 0.90328, 0.90802, 0.91002, 0.90918, 0.90718, 0.9111, 0.90968, 0.91238, 0.90958, 0.91104, 0.9137, 0.90948, 0.91222, 0.91454, 0.91256, 0.91592, 0.91538, 0.91582, 0.9126, 0.91442, 0.91584, 0.91338, 0.91616, 0.914, 0.91424, 0.91546, 0.91608, 0.91654, 0.913, 0.91588, 0.918, 0.91766, 0.91512, 0.9155, 0.91508, 0.92104, 0.91716, 0.9171, 0.91532, 0.91878, 0.91744, 0.91892, 0.9168, 0.9159, 0.91876, 0.91918, 0.92004, 0.918, 0.91878, 0.92026, 0.91998, 0.92002, 0.92004, 0.92, 0.92104, 0.91882, 0.92132, 0.9197, 0.9192, 0.91856, 0.92068, 0.9192, 0.91658, 0.9228, 0.91974, 0.92058, 0.91786, 0.92168, 0.9202, 0.92208, 0.92098, 0.92056, 0.92046, 0.9197, 0.91892, 0.92166, 0.9211, 0.92114, 0.92128, 0.9218, 0.91952, 0.92252, 0.91932, 0.92156, 0.92196, 0.92254, 0.92206, 0.92104, 0.92302, 0.92238, 0.92152, 0.92072, 0.9219, 0.92174, 0.9199, 0.92066, 0.922, 0.92224, 0.92406, 0.92134, 0.92136, 0.92176, 0.92276, 0.92112, 0.92268, 0.92132, 0.92194, 0.92024, 0.92274, 0.92304, 0.92064, 0.92132, 0.9234, 0.92272, 0.92274, 0.92242, 0.9241, 0.92118, 0.92618, 0.9223, 0.92104, 0.92288, 0.92222, 0.92344, 0.92332, 0.92386, 0.9231, 0.9229, 0.91922, 0.92362, 0.92296, 0.92098, 0.92308, 0.9235]}