{"test": [0.2715, 0.4092, 0.5704, 0.4613, 0.5647, 0.7336, 0.5584, 0.745, 0.7363, 0.5986, 0.7075, 0.7184, 0.7868, 0.7902, 0.747, 0.73, 0.7987, 0.7848, 0.7843, 0.6654, 0.5524, 0.7784, 0.8553, 0.7804, 0.7358, 0.8242, 0.8081, 0.7841, 0.8019, 0.7428, 0.6806, 0.7847, 0.7993, 0.7709, 0.7102, 0.8382, 0.7693, 0.8018, 0.7976, 0.8359, 0.8308, 0.8176, 0.7356, 0.8008, 0.745, 0.8334, 0.8453, 0.8043, 0.8327, 0.8435, 0.847, 0.776, 0.7507, 0.8489, 0.8061, 0.8652, 0.7854, 0.807, 0.8617, 0.8465, 0.8274, 0.8287, 0.8543, 0.8423, 0.8035, 0.7913, 0.7635, 0.7967, 0.7776, 0.8088, 0.8414, 0.8315, 0.8598, 0.8057, 0.8777, 0.8226, 0.8423, 0.8153, 0.8456, 0.8547, 0.8739, 0.8319, 0.8468, 0.7847, 0.8203, 0.8032, 0.8189, 0.8231, 0.8452, 0.7686, 0.8117, 0.7787, 0.8284, 0.8396, 0.8148, 0.8221, 0.8314, 0.7417, 0.8308, 0.7445, 0.8248, 0.8495, 0.8501, 0.8244, 0.8239, 0.8468, 0.7729, 0.821, 0.8161, 0.8069, 0.8056, 0.8251, 0.818, 0.7989, 0.8385, 0.8193, 0.8527, 0.7906, 0.8242, 0.8088, 0.828, 0.8221, 0.7872, 0.8631, 0.8465, 0.8425, 0.8004, 0.7003, 0.8212, 0.8429, 0.7834, 0.7993, 0.7996, 0.8467, 0.7683, 0.7888, 0.832, 0.8442, 0.8287, 0.8248, 0.8357, 0.7639, 0.7525, 0.8019, 0.8426, 0.8626, 0.8327, 0.836, 0.8061, 0.8252, 0.8454, 0.9384, 0.9395, 0.9431, 0.9432, 0.9468, 0.9464, 0.9475, 0.9476, 0.9456, 0.9449, 0.9465, 0.9467, 0.9491, 0.9442, 0.9431, 0.944, 0.9461, 0.9438, 0.9445, 0.9442, 0.9391, 0.9389, 0.9422, 0.9361, 0.9366, 0.9387, 0.9401, 0.9403, 0.941, 0.9251, 0.9402, 0.9285, 0.938, 0.9225, 0.9287, 0.9333, 0.9365, 0.9358, 0.9326, 0.9336, 0.9389, 0.9133, 0.9319, 0.9232, 0.9281, 0.9325, 0.923, 0.9245, 0.9286, 0.9284, 0.9287, 0.9259], "train": [0.2071, 0.37412, 0.54578, 0.63314, 0.69288, 0.73924, 0.76484, 0.78818, 0.79994, 0.80856, 0.81918, 0.82406, 0.82886, 0.83732, 0.84272, 0.84682, 0.84886, 0.85422, 0.85822, 0.85888, 0.86264, 0.86118, 0.8649, 0.865, 0.8678, 0.87008, 0.8748, 0.87132, 0.87648, 0.87538, 0.87864, 0.8776, 0.88038, 0.87928, 0.88196, 0.88306, 0.88492, 0.8802, 0.88516, 0.88618, 0.88328, 0.88994, 0.88586, 0.88836, 0.88736, 0.88716, 0.88936, 0.89024, 0.88878, 0.88924, 0.8912, 0.89188, 0.89082, 0.89068, 0.89066, 0.89328, 0.89226, 0.89426, 0.89132, 0.89324, 0.89288, 0.89396, 0.89298, 0.8931, 0.89554, 0.89406, 0.89544, 0.8957, 0.89458, 0.89394, 0.89652, 0.8962, 0.89488, 0.89724, 0.89696, 0.8971, 0.89604, 0.89742, 0.8963, 0.89788, 0.89602, 0.89582, 0.89588, 0.89932, 0.89546, 0.898, 0.89934, 0.89746, 0.89784, 0.89782, 0.89726, 0.89664, 0.89906, 0.89934, 0.89738, 0.89882, 0.89856, 0.89858, 0.89946, 0.89956, 0.89842, 0.9004, 0.89746, 0.90192, 0.89762, 0.89986, 0.90072, 0.89778, 0.89874, 0.90024, 0.90064, 0.89752, 0.8987, 0.89874, 0.89918, 0.90228, 0.9018, 0.90052, 0.89998, 0.90048, 0.90018, 0.90072, 0.90168, 0.90032, 0.902, 0.89976, 0.90012, 0.90078, 0.90034, 0.90008, 0.90056, 0.90092, 0.90082, 0.8991, 0.90128, 0.90066, 0.90422, 0.90008, 0.89986, 0.90152, 0.90292, 0.90168, 0.90114, 0.90184, 0.90224, 0.90232, 0.90318, 0.9006, 0.90084, 0.90012, 0.9035, 0.95716, 0.97266, 0.97942, 0.9829, 0.9849, 0.98686, 0.9889, 0.9913, 0.99178, 0.99186, 0.99266, 0.99342, 0.994, 0.99418, 0.99348, 0.99376, 0.99386, 0.99376, 0.9944, 0.99326, 0.99394, 0.99304, 0.99302, 0.99296, 0.9927, 0.99206, 0.99172, 0.99092, 0.9917, 0.99116, 0.98952, 0.9919, 0.98958, 0.99174, 0.98906, 0.98976, 0.98914, 0.98738, 0.98956, 0.98732, 0.98742, 0.98946, 0.98806, 0.98864, 0.9896, 0.98766, 0.98898, 0.98768, 0.98636, 0.9869, 0.98662, 0.98774]}