{"test": [0.3012, 0.3498, 0.4908, 0.5986, 0.6253, 0.6192, 0.6999, 0.6644, 0.7151, 0.7468, 0.7396, 0.811, 0.7884, 0.6846, 0.7617, 0.8164, 0.7411, 0.8158, 0.7293, 0.8206, 0.7607, 0.7845, 0.7897, 0.8072, 0.8243, 0.8032, 0.8191, 0.822, 0.7516, 0.8311, 0.8186, 0.7398, 0.7374, 0.8028, 0.8248, 0.7544, 0.8466, 0.8395, 0.7984, 0.7906, 0.7999, 0.8311, 0.8017, 0.842, 0.8358, 0.7471, 0.8035, 0.8029, 0.8035, 0.8412, 0.7868, 0.8322, 0.7933, 0.8151, 0.8314, 0.8269, 0.851, 0.8049, 0.8312, 0.7906, 0.7894, 0.8351, 0.8371, 0.816, 0.8322, 0.8124, 0.8233, 0.8298, 0.772, 0.8677, 0.8063, 0.8161, 0.7891, 0.8376, 0.8345, 0.8073, 0.8124, 0.7949, 0.8024, 0.7928, 0.8514, 0.8418, 0.8194, 0.8594], "train": [0.21934, 0.36628, 0.5046, 0.61906, 0.6884, 0.73804, 0.77742, 0.79706, 0.81104, 0.82398, 0.83082, 0.84032, 0.84684, 0.85324, 0.8569, 0.86198, 0.86728, 0.86742, 0.87264, 0.87686, 0.87712, 0.8794, 0.88292, 0.88232, 0.88444, 0.89028, 0.88756, 0.89072, 0.89336, 0.8937, 0.89394, 0.8945, 0.89656, 0.8951, 0.89548, 0.8993, 0.90002, 0.90082, 0.90172, 0.89872, 0.90282, 0.90274, 0.90566, 0.90488, 0.9065, 0.90444, 0.90634, 0.9107, 0.90742, 0.90328, 0.90802, 0.91002, 0.90918, 0.90718, 0.9111, 0.90968, 0.91238, 0.90958, 0.91104, 0.9137, 0.90948, 0.91222, 0.91454, 0.91256, 0.91592, 0.91538, 0.91582, 0.9126, 0.91442, 0.91584, 0.91338, 0.91616, 0.914, 0.91424, 0.91546, 0.91608, 0.91654, 0.913, 0.91588, 0.918, 0.91766, 0.91512, 0.9155, 0.91508]}